activation,threshold,z_low
relu,0.01,-5.037893060944043e-05
gelu,0.01,-0.7291003465652466
silu,0.01,-1.2339003086090088
mish,0.01,-1.1560003757476807
