alpha_star,delta,iou_max,iou_min
28.280076412885013,7.573268750663475,1.0114111818514289,0.7742746228884384
